YEAR,B.C.,NIS,AIA,SIM,DUZ,ABU,ULU,UII,TAS,ARA,KIS,Y1,TEB,Y2,SHA,ADD,AII
2,322,4/4,5/4,6/2,7/1,7/31,8/30,,9/29,10/29,11/27,,12/27,321,1/25,2/23,3/24
3,321,4/22,5/21,6/20,7/19,8/18,9/17,,10/17,11/16,12/15,320,1/13,,2/12,3/13
4,320,4/12,5/11,6/9,7/9,8/7,9/6,,10/6,11/5,12/4,319,1/3,,2/1,3/3
5,319,4/1,5/1,5/30,6/28,7/28,8/26,,9/25,10/25,11/23,,12/23,318,1/21,2/20,3/21

6,318,4/20,5/20,6/18,7/18,8/16,9/15,,10/14,11/13,12/12,317,1/10,,2/9,3/10
7,317,4/8,5/8,6/7,7/6,8/5,9/3,,10/3,11/1,11/30,,12/30,316,1/28,2/27
8,316,3/28,4/27,5/27,6/25,7/25,8/24,,9/22,10/22,11/20,,12/19,315,1/18,2/16,3/18

