Year,Month,Day,Type,Mag
-699,1,26,Partial,0.897
-698,1,16,Total,1.55
-697,1,6,Partial,0.291
-696,5,21,Partial,0.257
-696,11,15,Partial,0.647
-695,11,3,Total,1.722
-694,4,30,Partial,0.734
-692,3,9,Partial,0.664
-692,9,2,Partial,0.77
-691,2,26,Total,1.62
-691,8,23,Total,1.638
-690,8,12,Partial,0.192
-689,12,28,Partial,0.943
-688,12,16,Total,1.472
-687,6,10,Total,1.236
-687,12,5,Partial,0.136
-685,4,21,Partial,0.543
-685,10,15,Partial,0.583
-684,10,3,Total,1.828
-681,8,3,Partial,0.746
-680,1,27,Total,1.586
-680,7,22,Total,1.537
-679,1,16,Partial,0.312
-679,7,11,Partial,0.198
-678,6,1,Partial,0.125
-678,11,26,Partial,0.638
-677,5,22,Total,1.495
-676,11,3,Partial,0.506
-674,3,21,Partial,0.552
-673,9,3,Total,1.709
-672,2,27,Partial,0.407
-672,8,23,Partial,0.281
-670,1,7,Partial,0.924
-670,7,2,Partial,0.927
-670,12,27,Total,1.482
-669,12,16,Partial,0.143
-668,6,10,Partial,0.055
-667,10,25,Partial,0.574
-666,4,21,Total,1.767
-666,10,14,Total,1.85
-665,4,10,Partial,0.48
-665,10,4,Partial,0.613
-663,2,17,Partial,0.805
-663,8,13,Partial,0.633
-662,2,7,Total,1.631
-662,8,2,Total,1.661
-661,1,27,Partial,0.341
-661,7,23,Partial,0.328
-660,12,6,Partial,0.628
-659,6,1,Total,1.356
-659,11,25,Total,1.74
-658,5,22,Total,1.003
-658,11,14,Partial,0.516
-656,3,31,Partial,0.427
-656,9,24,Partial,0.661
-655,3,20,Total,1.828
-654,3,9,Partial,0.498
-652,1,18,Partial,0.898
-652,7,12,Partial,0.799
-651,1,7,Total,1.497
-651,7,2,Total,1.505
-649,5,13,Partial,0.26
-649,11,5,Partial,0.571
-648,5,1,Total,1.62
-647,4,20,Partial,0.625
-647,10,15,Partial,0.632
-645,2,28,Partial,0.74
-644,2,18,Total,1.691
-642,12,18,Partial,0.617
-641,12,7,Total,1.746
-640,6,1,Total,1.143
-638,4,11,Partial,0.294
-638,10,5,Partial,0.621
-637,3,31,Total,1.732
-637,9,25,Total,1.811
-636,9,13,Partial,0.422
-634,1,29,Partial,0.858
-633,1,18,Total,1.525
-633,7,13,Total,1.629
-632,1,7,Partial,0.179
-632,7,2,Partial,0.309
-631,5,23,Partial,0.11
-630,5,13,Total,1.466
-630,11,5,Total,1.87
-627,9,4,Partial,0.447
-626,2,28,Total,1.762
-626,8,24,Total,1.769
-625,2,18,Partial,0.435
-625,8,13,Partial,0.552
-624,12,28,Partial,0.599
-623,6,23,Total,1.082
-623,12,17,Total,1.757
-622,12,6,Partial,0.529
-620,4,21,Partial,0.149
-619,4,11,Total,1.607
-619,10,5,Total,1.836
-618,3,31,Partial,0.715
-618,9,24,Partial,0.472
-616,2,9,Partial,0.808
-616,8,3,Partial,0.58
-615,1,28,Total,1.564
-614,1,17,Partial,0.211
-614,7,13,Partial,0.428
-613,11,27,Partial,0.58
-612,11,16,Total,1.868
-611,11,5,Partial,0.646
-609,3,22,Partial,0.574
-609,9,15,Partial,0.375
-608,9,3,Total,1.686
-607,2,28,Partial,0.503
-607,8,23,Partial,0.643
-605,1,8,Partial,0.576
-605,7,4,Partial,0.95
-605,12,28,Total,1.771
-604,12,16,Partial,0.538
-602,10,27,Partial,0.575
-600,4,10,Partial,0.837
-598,2,19,Partial,0.744
-598,8,14,Partial,0.487
-595,12,7,Partial,0.585
-594,6,3,Total,1.147
-594,11,27,Total,1.869
-593,5,23,Total,1.102
-593,11,17,Partial,0.644
-591,4,1,Partial,0.475
-591,9,26,Partial,0.318
-590,3,22,Total,1.827
-590,9,15,Total,1.616
-587,1,19,Partial,0.541
-586,1,8,Total,1.797
-586,7,4,Total,1.545
-584,11,7,Partial,0.564
-583,5,2,Total,1.335
-583,10,27,Total,1.79
-582,10,16,Partial,0.539
-580,3,2,Partial,0.666
-579,2,19,Total,1.685
-579,8,14,Total,1.813
-578,2,8,Partial,0.317
-576,6,13,Partial,0.987
-576,12,7,Total,1.868
-575,6,2,Total,1.265
-575,11,27,Partial,0.642
-573,10,7,Partial,0.273
-572,4,1,Total,1.721
-572,9,25,Total,1.563
-571,3,22,Partial,0.672
-571,9,14,Partial,0.784
-568,1,19,Total,1.819
-568,7,15,Total,1.668
-567,1,7,Partial,0.574
-566,11,18,Partial,0.556
-565,5,13,Total,1.194
-565,11,7,Total,1.777
-564,5,2,Total,1.105
-564,10,26,Partial,0.559
-562,3,13,Partial,0.574
-562,9,5,Partial,0.343
-561,3,2,Total,1.767
-561,8,26,Total,1.731
-560,2,19,Partial,0.392
-560,8,14,Partial,0.727
-559,12,29,Partial,0.584
-557,12,8,Partial,0.638
-555,4,23,Partial,0.25
-555,10,17,Partial,0.239
-554,10,6,Total,1.522
-553,4,2,Partial,0.773
-553,9,25,Partial,0.835
-551,2,9,Partial,0.437
-551,8,5,Partial,0.605
-550,1,29,Total,1.78
-549,1,19,Partial,0.605
-549,7,15,Partial,0.309
-548,11,28,Partial,0.551
-546,5,13,Total,1.246
-544,3,23,Partial,0.47
-544,9,15,Partial,0.29
-543,3,13,Total,1.799
-543,9,5,Total,1.662
-540,1,9,Partial,0.573
-540,7,5,Partial,0.676
-540,12,29,Total,1.856
-539,6,24,Total,1.584
-538,6,13,Partial,0.221
-537,5,4,Partial,0.127
-537,10,29,Partial,0.217
-536,4,23,Total,1.485
-536,10,17,Total,1.494
-533,2,20,Partial,0.367
-532,2,10,Total,1.73
-532,8,5,Total,1.816
-531,7,25,Partial,0.432
-529,6,4,Partial,0.905
-529,11,29,Total,1.764
-528,11,17,Partial,0.58
-527,5,13,Partial,0.063
-526,4,4,Partial,0.354
-525,3,24,Total,1.688
-525,9,16,Total,1.605
-524,3,12,Partial,0.585
-524,9,5,Partial,0.87
-522,7,16,Partial,0.532
-521,1,9,Total,1.842
-521,7,5,Total,1.737
-521,12,30,Partial,0.644
-520,6,23,Partial,0.372
-519,11,8,Partial,0.201
-518,5,4,Total,1.357
-518,10,28,Total,1.475
-517,4,24,Total,1.009
-517,10,17,Partial,0.898
-514,8,16,Total,1.717
-513,2,9,Partial,0.699
-512,12,20,Partial,0.536
-511,6,14,Partial,0.765
-511,12,9,Total,1.761
-510,11,28,Partial,0.585
-508,10,7,Partial,0.222
-507,4,3,Total,1.566
-506,3,23,Partial,0.701
-506,9,16,Partial,0.922
-504,1,31,Partial,0.522
-504,7,27,Partial,0.397
-503,7,16,Total,1.77
-502,1,9,Partial,0.657
-501,11,19,Partial,0.192
-500,11,7,Total,1.466
-499,5,4,Total,1.139
-499,10,27,Partial,0.915
-497,3,14,Partial,0.184
-497,9,7,Partial,0.355
-496,3,2,Total,1.59
-495,2,20,Partial,0.765
-495,8,16,Partial,0.648
-494,12,31,Partial,0.522
-492,6,14,Total,1.669
-490,4,25,Partial,0.09
-490,10,18,Partial,0.205
-489,4,14,Total,1.429
-489,10,8,Total,1.527
-488,4,3,Partial,0.832
-486,2,11,Partial,0.48
-485,1,31,Total,1.781
-484,7,15,Partial,0.652
-483,11,30,Partial,0.183
-482,11,19,Total,1.46
-481,5,16,Total,1.274
-479,3,24,Partial,0.073
-478,3,13,Total,1.502
-478,9,7,Total,1.554
-477,8,27,Partial,0.736
-475,12,31,Total,1.739
-474,6,26,Total,1.805
-474,12,20,Partial,0.604
-473,6,15,Partial,0.466
-471,10,18,Total,1.504
-470,10,8,Partial,0.992
-468,8,17,Partial,0.16
-467,2,11,Total,1.733
-467,8,6,Total,1.514
-466,1,31,Partial,0.714
-466,7,26,Partial,0.777
-465,12,11,Partial,0.176
-464,6,5,Partial,0.944
-464,11,29,Total,1.458
-463,11,18,Partial,0.931
-461,9,29,Partial,0.25
-460,9,17,Total,1.492
-459,3,13,Partial,0.931
-459,9,7,Partial,0.813
-457,1,22,Partial,0.47
-457,7,17,Partial,0.381
-456,1,11,Total,1.716
-456,12,30,Partial,0.623
-455,6,26,Partial,0.595
-454,11,9,Partial,0.195
-453,5,6,Total,1.131
-452,4,24,Total,1.124
-452,10,18,Total,1.01
-450,3,4,Partial,0.357
-450,8,28,Partial,0.061
-449,8,17,Total,1.405
-448,2,12,Partial,0.759
-447,12,21,Partial,0.164
-446,6,17,Partial,0.806
-446,12,10,Total,1.456
-445,6,6,Total,1.553
-445,11,30,Partial,0.935
-444,5,25,Partial,0.038
-443,10,9,Partial,0.214
-442,4,4,Total,1.29
-441,3,25,Total,1.035
-441,9,18,Partial,0.875
-439,2,1,Partial,0.427
-439,7,28,Partial,0.271
-438,7,17,Total,1.708
-436,11,20,Partial,0.198
-435,5,16,Partial,0.973
-435,11,9,Total,1.481
-434,5,5,Total,1.28
-432,3,15,Partial,0.276
-431,3,4,Total,1.599
-430,8,17,Partial,0.993
-428,1,2,Partial,0.147
-428,12,21,Total,1.451
-427,6,16,Total,1.693
-427,12,10,Partial,0.94
-424,4,14,Total,1.17
-424,10,9,Total,1.405
-423,9,28,Partial,0.925
-420,2,2,Total,1.639
-420,7,27,Total,1.597
-419,1,21,Partial,0.686
-419,7,17,Partial,0.836
-417,11,20,Total,1.478
-416,11,9,Total,1.026
-413,3,16,Total,1.515
-413,9,8,Total,1.232
-412,3,4,Partial,0.889
-412,8,27,Total,1.08
-410,1,12,Partial,0.121
-410,7,8,Partial,0.54
-409,1,1,Total,1.44
-409,12,21,Partial,0.949
-408,6,16,Partial,0.334
-407,10,31,Partial,0.171
-406,10,20,Total,1.378
-405,4,15,Total,1.268
-405,10,10,Partial,0.962
-403,2,23,Partial,0.305
-403,8,18,Partial,0.088
-402,2,12,Total,1.583
-401,2,1,Partial,0.735
-401,7,28,Partial,0.945
-400,12,11,Partial,0.205
-398,11,20,Total,1.027
-397,5,16,Partial,0.235
-396,4,5,Partial,0.083
-395,9,18,Total,1.167
-394,3,16,Partial,0.975
-394,9,8,Total,1.154
-392,1,23,Partial,0.086
-392,7,19,Partial,0.416
-391,1,11,Total,1.422
-391,7,8,Total,1.749
-390,6,27,Partial,0.482
-389,11,11,Partial,0.161
-388,5,6,Partial,0.908
-387,4,26,Total,1.394
-387,10,20,Partial,0.991
-386,4,15,Partial,0.083
-385,3,6,Partial,0.223
-385,8,30,Partial,0.015
-384,8,18,Total,1.406
-382,12,23,Partial,0.206
-381,6,18,Partial,0.484
-381,12,12,Total,1.474
-380,6,6,Total,1.77
-379,5,26,Partial,0.391
-377,4,6,Total,1.309
-376,9,18,Total,1.215
-374,2,3,Partial,0.039
-373,1,23,Total,1.394
-373,7,19,Total,1.618
-372,1,12,Partial,0.986
-370,5,17,Partial,0.77
-370,11,11,Total,1.349
-369,10,31,Total,1.008
-368,4,26,Partial,0.205
-366,3,6,Total,1.425
-366,8,29,Total,1.327
-365,2,23,Partial,0.877
-365,8,19,Total,1.128
-363,1,2,Partial,0.203
-363,6,28,Partial,0.327
-363,12,23,Total,1.469
-362,6,17,Total,1.724
-362,12,12,Total,1.023
-359,4,17,Total,1.19
-359,10,10,Total,1.079
-358,4,6,Total,1.182
-358,9,29,Total,1.262
-356,8,9,Partial,0.194
-355,2,2,Total,1.355
-354,1,22,Total,1.016
-353,12,3,Partial,0.147
-352,5,28,Partial,0.633
-352,11,21,Total,1.34
-351,5,17,Total,1.666
-351,11,11,Total,1.021
-349,3,28,Partial,0.021
-348,3,16,Total,1.323
-347,3,5,Partial,0.969
-347,8,29,Total,1.202
-345,1,13,Partial,0.19
-344,1,3,Total,1.458
-344,12,23,Total,1.026
-341,10,21,Total,1.053
-340,4,16,Total,1.301
-340,10,10,Total,1.297
-339,9,29,Partial,0.089
-338,8,20,Partial,0.098
-337,2,13,Total,1.302
-337,8,10,Total,1.382
-336,7,29,Partial,0.884
-335,12,14,Partial,0.14
-333,5,28,Total,1.806
-333,11,22,Total,1.028
-332,5,17,Partial,0.463
-330,9,20,Total,1.21
-327,7,20,Partial,0.032
-326,1,13,Total,1.44
-326,7,9,Total,1.421
-325,1,3,Total,1.034
-325,6,28,Partial,0.846
-323,5,8,Partial,0.931
-322,10,21,Total,1.321
-321,10,11,Partial,0.123
-319,2,24,Total,1.239
-319,8,20,Total,1.28
-318,2,13,Total,1.114
-318,8,9,Total,1.001
-316,6,18,Partial,0.36
-316,12,13,Total,1.328
-315,12,2,Total,1.037
-314,5,28,Partial,0.596
-312,4,7,Total,1.083
-312,10,1,Total,1.17
-311,3,27,Total,1.194
-311,9,20,Total,1.313
-309,2,4,Partial,0.136
-308,7,19,Total,1.282
-307,1,13,Total,1.048
-307,7,9,Partial,0.986
-305,5,19,Partial,0.792
-305,11,12,Total,1.028
-304,5,8,Total,1.564
-304,10,31,Total,1.338
-303,4,27,Partial,0.056
-301,3,7,Total,1.161
-301,9,1,Total,1.192
-300,2,24,Total,1.184
-298,1,4,Partial,0.112
-298,6,29,Partial,0.23
-298,12,25,Total,1.318
-297,6,19,Total,1.685
-297,12,14,Total,1.045
-294,4,18,Partial,0.946
-293,4,7,Total,1.325
-293,10,2,Total,1.35
-292,3,26,Partial,0.001
-291,2,14,Partial,0.093
-290,2,4,Total,1.375
-290,7,31,Total,1.155
-289,1,25,Total,1.075
-287,11,22,Total,1.025
-286,5,19,Total,1.707
-285,11,1,Partial,0.162
-283,3,17,Total,1.073
-282,8,31,Total,1.195
-281,2,24,Partial,0.008
-280,1,16,Partial,0.086
-279,1,4,Total,1.299
-279,6,29,Total,1.555
-279,12,24,Total,1.059
-278,6,19,Partial,0.862
-276,4,29,Partial,0.798
-276,10,22,Total,1.12
-275,4,18,Total,1.466
-272,2,15,Total,1.326
-271,2,4,Total,1.111
-271,7,30,Total,1.237
-269,6,10,Partial,0.511
-268,11,22,Total,1.352
-267,5,19,Partial,0.348
-265,3,29,Partial,0.97
-265,9,22,Total,1.051
-264,3,17,Total,1.355
-264,9,10,Total,1.273
-262,1,26,Partial,0.051
-261,1,15,Total,1.274
-260,1,4,Total,1.079
-260,6,29,Partial,0.991
-258,11,3,Total,1.108
-257,10,23,Total,1.392
-256,4,17,Partial,0.259
-254,8,21,Partial,0.939
-253,2,15,Total,1.161
-253,8,10,Total,1.343
-252,7,30,Partial,0.061
-251,6,20,Partial,0.371
-251,12,14,Total,1.022
-250,6,10,Total,1.718
-250,12,3,Total,1.355
-249,5,30,Partial,0.503
-249,11,23,Partial,0.176
-247,10,3,Partial,0.999
-246,3,28,Total,1.459
-245,3,18,Partial,0.169
-244,2,6,Partial,0.002
-243,1,26,Total,1.236
-243,7,21,Total,1.31
-242,1,15,Total,1.11
-240,5,20,Partial,0.484
-240,11,13,Total,1.101
-239,5,9,Total,1.771
-239,11,3,Total,1.4
-238,4,28,Partial,0.402
-238,10,23,Partial,0.026
-236,3,8,Total,1.188
-236,8,31,Partial,0.853
-234,8,10,Partial,0.163
-233,12,25,Total,1.017
-232,6,20,Total,1.572
-231,6,9,Partial,0.657
-231,12,3,Partial,0.18
-229,4,19,Partial,0.74
-229,10,14,Partial,0.96
-228,10,2,Total,1.388
-227,3,28,Partial,0.266
-227,9,21,Partial,0.123
-225,2,6,Total,1.186
-225,8,1,Total,1.2
-224,1,26,Total,1.151
-224,7,21,Total,1.231
-222,5,31,Partial,0.322
-222,11,24,Total,1.099
-221,5,20,Total,1.726
-221,11,14,Total,1.403
-220,5,9,Partial,0.548
-220,11,2,Partial,0.032
-218,3,19,Total,1.1
-217,3,9,Total,1.299
-217,9,1,Total,1.519
-215,7,12,Partial,0.103
-214,7,2,Total,1.425
-214,12,25,Total,1.37
-211,4,29,Partial,0.614
-211,10,24,Partial,0.93
-210,4,19,Total,1.695
-210,10,13,Total,1.428
-209,10,2,Partial,0.178
-207,2,16,Total,1.121
-206,2,5,Total,1.206
-206,8,1,Total,1.338
-203,11,24,Total,1.401
-200,9,22,Partial,0.724
-199,3,19,Total,1.386
-199,9,11,Total,1.588
-198,9,1,Partial,0.332
-196,1,16,Partial,0.989
-195,1,5,Total,1.385
-195,7,1,Partial,0.962
-195,12,25,Partial,0.193
-193,11,5,Partial,0.909
-192,4,29,Total,1.824
-192,10,24,Total,1.458
-191,4,19,Partial,0.49
-191,10,13,Partial,0.219
-189,2,27,Total,1.043
-189,8,23,Total,1.013
-188,2,16,Total,1.274
-187,2,5,Partial,0.014
-186,12,16,Total,1.094
-184,5,30,Partial,0.85
-184,11,24,Partial,0.03
-182,4,10,Partial,0.891
-182,10,3,Partial,0.681
-180,3,19,Partial,0.012
-180,9,11,Partial,0.396
-178,1,26,Partial,0.963
-178,7,23,Total,1.154
-177,7,12,Total,1.107
-176,1,6,Partial,0.204
-175,5,21,Partial,0.348
-175,11,15,Partial,0.895
-174,11,4,Total,1.479
-173,4,30,Partial,0.613
-173,10,24,Partial,0.251
-171,9,2,Partial,0.936
-170,8,23,Total,1.52
-169,8,13,Partial,0.082
-168,12,26,Total,1.087
-167,6,21,Total,1.252
-167,12,16,Total,1.399
-166,6,10,Total,1.003
-166,12,5,Partial,0.026
-164,4,20,Partial,0.771
-163,4,10,Total,1.6
-163,10,3,Total,1.683
-162,3,30,Partial,0.118
-160,8,2,Total,1.031
-159,1,26,Total,1.44
-159,7,23,Total,1.242
-157,6,1,Partial,0.212
-157,11,26,Partial,0.884
-156,5,21,Total,1.672
-156,11,14,Total,1.492
-155,11,3,Partial,0.272
-153,3,21,Partial,0.843
-152,3,9,Total,1.453
-152,9,2,Total,1.595
-151,2,26,Partial,0.158
-149,7,2,Total,1.103
-149,12,27,Total,1.404
-146,10,25,Partial,0.632
-145,4,21,Total,1.724
-145,10,14,Total,1.712
-144,4,10,Partial,0.238
-144,10,3,Partial,0.488
-142,2,17,Partial,0.874
-141,2,7,Total,1.484
-140,1,27,Partial,0.255
-139,12,7,Partial,0.875
-138,6,1,Total,1.535
-138,11,26,Total,1.503
-137,5,22,Partial,0.877
-137,11,15,Partial,0.288
-135,3,31,Partial,0.723
-135,9,24,Partial,0.82
-134,3,20,Total,1.565
-133,3,10,Partial,0.251
-133,9,3,Partial,0.24
-131,1,17,Total,1.054
-130,7,2,Total,1.293
-130,12,27,Partial,0.028
-128,5,12,Partial,0.51
-128,11,4,Partial,0.62
-127,5,2,Total,1.855
-126,10,14,Partial,0.517
-124,2,28,Partial,0.811
-124,8,24,Partial,0.818
-123,2,17,Total,1.539
-123,8,13,Total,1.485
-122,2,7,Partial,0.295
-122,8,2,Partial,0.145
-121,12,18,Partial,0.866
-120,12,6,Total,1.512
-119,6,1,Total,1.013
-119,11,25,Partial,0.299
-117,10,5,Partial,0.779
-116,9,24,Total,1.705
-115,9,13,Partial,0.302
-113,1,29,Total,1.022
-113,7,24,Partial,0.828
-112,1,18,Total,1.434
-112,7,12,Total,1.427
-111,1,6,Partial,0.04
-110,5,23,Partial,0.369
-109,11,5,Total,1.743
-108,5,1,Partial,0.51
-106,9,4,Partial,0.73
-105,2,28,Total,1.607
-105,8,24,Total,1.587
-104,2,18,Partial,0.345
-104,8,12,Partial,0.263
-103,12,28,Partial,0.851
-102,12,17,Total,1.525
-101,12,6,Partial,0.311
-99,4,22,Partial,0.448
-98,4,11,Total,1.821
-98,10,5,Total,1.742
-97,3,31,Partial,0.471
-95,2,8,Partial,0.98
-95,8,3,Partial,0.706
-94,1,28,Total,1.463
-93,7,13,Partial,0.24
-92,11,26,Partial,0.618
-91,5,23,Total,1.571
-91,11,16,Total,1.75
-90,5,12,Partial,0.658
-90,11,5,Partial,0.548
-88,3,21,Partial,0.65
-87,3,11,Total,1.687
-86,2,28,Partial,0.41
-84,1,9,Partial,0.829
-84,7,3,Total,1.133
-84,12,28,Total,1.54
-83,12,17,Partial,0.321
-81,5,3,Partial,0.297
-81,10,27,Partial,0.728
-80,4,21,Total,1.69
-79,4,10,Partial,0.596
-79,10,5,Partial,0.387
-77,2,19,Partial,0.925
-77,8,15,Partial,0.598
-75,1,28,Partial,0.092
-75,7,24,Partial,0.36
-74,12,7,Partial,0.62
-73,6,3,Total,1.42
-73,11,27,Total,1.752
-72,11,16,Partial,0.554
-70,4,1,Partial,0.552
-70,9,26,Partial,0.593
-69,3,22,Total,1.777
-69,9,15,Total,1.752
-68,3,11,Partial,0.483
-68,9,3,Partial,0.458
-66,1,19,Partial,0.799
-66,7,15,Total,1.01
-65,1,8,Total,1.564
-65,7,4,Total,1.409
-65,12,28,Partial,0.337
-63,5,14,Partial,0.14
-63,11,6,Partial,0.715
-62,5,3,Total,1.541
-62,10,27,Total,1.786
-61,10,16,Partial,0.413
-59,3,2,Partial,0.858
-58,2,19,Total,1.561
-58,8,14,Total,1.771
-57,2,8,Partial,0.137
-55,12,7,Total,1.754
-54,6,3,Partial,0.969
-52,10,6,Partial,0.543
-51,4,1,Total,1.877
-51,9,25,Total,1.808
-50,3,22,Partial,0.571
-50,9,14,Partial,0.533
-48,1,30,Partial,0.758
-47,1,18,Total,1.595
-47,7,15,Total,1.532
-46,1,7,Partial,0.358
-46,7,4,Partial,0.06
-44,11,6,Total,1.796
-43,5,2,Partial,0.873
-41,3,13,Partial,0.777
-41,9,5,Partial,0.421
-40,3,2,Total,1.629
-40,8,25,Total,1.858
-39,8,14,Partial,0.57
-38,12,29,Partial,0.617
-37,6,25,Total,1.119
-37,12,19,Total,1.759
-36,6,13,Total,1.127
-36,12,7,Partial,0.558
-34,4,23,Partial,0.329
-33,4,13,Total,1.77
-32,4,1,Partial,0.667
-30,2,10,Partial,0.704
-30,8,5,Partial,0.788
-29,1,30,Total,1.64
-28,7,14,Partial,0.181
-27,11,28,Partial,0.702
-26,5,24,Total,1.234
-25,5,13,Total,1.02
-25,11,7,Partial,0.438
-23,3,23,Partial,0.684
-23,9,16,Partial,0.354
-21,3,2,Partial,0.268
-21,8,26,Partial,0.658
-19,1,9,Partial,0.608
-19,7,5,Partial,0.972
-19,12,29,Total,1.768
-18,6,24,Total,1.283
-18,12,19,Partial,0.563
-16,5,3,Partial,0.207
-16,10,28,Partial,0.478
-15,10,17,Total,1.718
-14,4,13,Partial,0.777
-14,10,6,Partial,0.643
-12,2,21,Partial,0.637
-12,8,16,Partial,0.691
-11,2,9,Total,1.695
-11,8,5,Total,1.754
-10,1,29,Partial,0.431
-9,12,10,Partial,0.699
-8,6,3,Total,1.078
-8,11,28,Total,1.801
-7,11,18,Partial,0.443
-5,4,4,Partial,0.58
-4,3,23,Total,1.808
-4,9,15,Total,1.716
-3,3,12,Partial,0.358
-1,1,20,Partial,0.589
0,1,9,Total,1.783
0,12,29,Partial,0.569
2,11,8,Partial,0.459
3,5,4,Total,1.528
3,10,28,Total,1.688
4,10,16,Partial,0.681
6,3,3,Partial,0.555
7,2,20,Total,1.766
7,8,17,Total,1.848
8,2,9,Partial,0.483
8,8,5,Partial,0.404
9,12,20,Partial,0.693
10,12,10,Total,1.801
11,11,29,Partial,0.444
13,10,7,Partial,0.261
14,4,3,Total,1.791
14,9,27,Total,1.665
15,9,16,Partial,0.795
17,1,30,Partial,0.562
18,7,16,Total,1.581
19,1,9,Partial,0.584
19,7,5,Partial,0.21
21,5,15,Total,1.397
22,5,4,Total,1.018
24,3,14,Partial,0.461
24,9,6,Partial,0.533
25,3,3,Total,1.787
26,8,16,Partial,0.5
27,12,31,Partial,0.683
28,12,20,Total,1.804
29,6,14,Total,1.467
29,12,9,Partial,0.445
31,4,25,Partial,0.339
31,10,19,Partial,0.235
32,10,7,Total,1.626
33,4,3,Partial,0.576
33,9,27,Partial,0.845
35,2,11,Partial,0.523
35,8,7,Partial,0.573
36,1,31,Total,1.842
36,7,26,Total,1.72
37,7,15,Partial,0.358
38,11,30,Partial,0.434
39,11,19,Total,1.655
40,5,15,Total,1.147
40,11,7,Partial,0.725
42,9,18,Partial,0.473
43,9,7,Total,1.73
44,3,2,Partial,0.626
46,7,6,Partial,0.629
46,12,31,Total,1.811
47,6,26,Total,1.61
47,12,21,Partial,0.447
48,6,14,Partial,0.278
49,5,6,Partial,0.207
50,4,25,Total,1.538
50,10,18,Total,1.599
51,4,14,Partial,0.703
51,10,8,Partial,0.885
53,8,17,Partial,0.458
54,2,10,Total,1.853
54,8,7,Total,1.792
55,1,31,Partial,0.639
56,12,10,Partial,0.424
57,6,5,Total,1.127
57,11,29,Total,1.646
58,11,18,Partial,0.737
60,4,4,Partial,0.231
61,3,24,Total,1.591
61,9,18,Total,1.665
62,3,13,Partial,0.716
62,9,7,Partial,0.658
64,1,22,Partial,0.644
64,7,16,Partial,0.493
65,1,11,Total,1.825
65,12,31,Partial,0.457
66,6,25,Partial,0.414
67,11,9,Partial,0.209
68,5,5,Total,1.397
69,4,25,Partial,0.845
69,10,18,Partial,0.912
71,3,4,Partial,0.407
73,2,10,Partial,0.68
75,6,16,Partial,0.993
75,12,11,Total,1.637
76,6,5,Total,1.417
78,4,15,Partial,0.098
78,10,9,Partial,0.386
79,4,4,Total,1.474
80,3,24,Partial,0.819
80,9,17,Partial,0.718
82,2,1,Partial,0.609
83,1,22,Total,1.847
83,7,17,Total,1.851
84,1,11,Partial,0.472
85,11,20,Partial,0.207
86,11,9,Total,1.569
89,3,15,Partial,0.331
89,9,8,Partial,0.268
90,3,4,Total,1.734
90,8,28,Total,1.566
91,8,17,Partial,0.738
93,1,1,Partial,0.394
93,12,21,Total,1.627
94,6,16,Total,1.553
94,12,10,Partial,0.754
95,6,6,Partial,0.065
96,10,20,Partial,0.358
97,10,9,Total,1.574
98,4,4,Partial,0.933
98,9,29,Partial,0.766
100,8,7,Partial,0.255
